age,date_joined,first_name,ind,last_name
20,2015-10-23 04:13:23,Alexandria,4249,Alvarado
21,2015-11-10 09:27:42,Andrea,8731,Alexander
21,2015-11-10 09:27:42,Andrea,8731,Alexander
21,2015-11-10 09:27:42,Andrea,8731,Alexander
34,2016-01-23 03:59:37,Daniel,10137,Matthews
21,2015-11-10 09:27:42,Andrea,8731,Alexander
24,2016-03-31 20:56:39,Austin,8887,Rodriguez
36,2015-12-20 16:38:13,Michelle,4315,Prince
32,2017-10-10 20:09:33,Christian,10625,Lang
36,2015-12-20 16:38:13,Michelle,4315,Prince
40,2017-06-28 16:17:39,Michael,1514,Perkins
36,2015-12-20 16:38:13,Michelle,4315,Prince
32,2017-10-10 20:09:33,Christian,10625,Lang
32,2017-10-10 20:09:33,Christian,10625,Lang
22,2016-02-11 20:46:04,Jennifer,9672,Hudson
32,2016-04-02 03:51:23,Brittany,1313,Jones
32,2016-04-02 03:51:23,Brittany,1313,Jones
34,2016-12-22 00:02:02,Thomas,10794,Turner
32,2016-04-02 03:51:23,Brittany,1313,Jones
34,2016-12-22 00:02:02,Thomas,10794,Turner
20,2015-11-14 19:24:56,Anthony,10029,Baker
24,2016-01-03 01:10:04,Alexis,637,Carrillo
21,2015-12-12 01:39:29,Bernard,1667,Arnold
20,2016-01-21 03:54:20,Andrea,6809,Carroll
24,2017-03-24 10:12:14,Stacey,1170,Stewart
45,2016-03-18 23:34:56,Claire,1643,Leonard
32,2016-04-02 03:51:23,Brittany,1313,Jones
34,2016-12-22 00:02:02,Thomas,10794,Turner
20,2016-01-07 19:49:22,David,2959,Griffith
26,2015-12-20 10:28:00,Brendan,9875,Joseph
20,2016-01-07 19:49:22,David,2959,Griffith
26,2015-12-20 10:28:00,Brendan,9875,Joseph
21,2016-01-03 15:42:12,Annette,2074,Forbes
25,2015-12-28 04:21:39,Charles,8304,Berry
25,2015-12-28 04:21:39,Charles,8304,Berry
23,2015-11-25 13:36:22,Corey,6063,Andrews
48,2017-09-26 16:31:56,Robert,3454,Murphy
20,2017-04-11 16:35:33,Cheryl,7554,Huerta
30,2015-12-25 20:24:37,Emily,6145,Hawkins
25,2015-12-28 04:21:39,Charles,8304,Berry
42,2016-07-29 00:56:59,Jordan,10538,Grant
21,2016-02-02 12:25:05,Donna,7467,Carroll
25,2015-11-26 03:43:03,Carl,10883,Hampton
27,2017-04-27 09:48:22,Samantha,5091,Hall
20,2015-12-12 11:20:08,Andrea,10321,Burke
40,2017-03-08 06:03:20,Erik,1611,Martinez
46,2016-11-18 10:00:53,Colin,4949,Clayton
36,2016-07-31 17:22:08,Eric,6170,Gonzalez
25,2015-12-28 04:21:39,Charles,8304,Berry
23,2015-11-25 13:36:22,Corey,6063,Andrews
48,2017-09-26 16:31:56,Robert,3454,Murphy
20,2017-04-11 16:35:33,Cheryl,7554,Huerta
30,2015-12-25 20:24:37,Emily,6145,Hawkins
30,2015-12-25 20:24:37,Emily,6145,Hawkins
31,2016-11-09 19:50:51,Kaylee,9979,Miller
32,2016-10-23 14:06:51,Dylan,2863,Holmes
36,2015-12-08 20:02:43,Rachel,5730,Davis
32,2016-10-23 14:06:51,Dylan,2863,Holmes
36,2015-12-08 20:02:43,Rachel,5730,Davis
26,2015-11-11 03:20:57,Brian,2923,Nelson
32,2016-10-23 14:06:51,Dylan,2863,Holmes
36,2015-12-08 20:02:43,Rachel,5730,Davis
24,2016-06-15 12:49:30,Anthony,3032,Chen
38,2016-03-11 13:19:05,Devon,6575,Waller
20,2015-10-23 16:08:41,Aaron,8237,Abbott
53,2016-06-07 07:09:02,Jason,1024,Martin
32,2016-10-23 14:06:51,Dylan,2863,Holmes
36,2015-12-08 20:02:43,Rachel,5730,Davis
26,2015-11-11 03:20:57,Brian,2923,Nelson
20,2015-10-21 08:27:36,Amanda,2418,Adams
22,2015-12-21 08:06:54,Andrew,3156,Baker
20,2015-11-28 02:20:29,Claudia,428,Adams
24,2016-01-11 12:03:48,Anne,7343,Clayton
22,2015-12-31 14:57:02,Carol,10138,Silva
21,2015-11-12 06:21:36,Denise,7922,Adams
20,2015-10-24 11:23:51,Abigail,7528,Ali
20,2015-10-24 11:23:51,Abigail,7528,Ali
25,2016-01-13 17:36:30,Amanda,5069,Ball
20,2015-10-24 11:23:51,Abigail,3089,Ali
20,2015-10-24 11:23:51,Abigail,7528,Ali
20,2015-10-24 11:23:51,Abigail,7528,Ali
25,2016-01-13 17:36:30,Amanda,5069,Ball
47,2016-04-27 16:02:10,James,3813,Green
37,2016-01-13 20:19:57,Luke,9014,Carter
32,2016-06-10 15:27:19,John,9550,Foster
20,2015-11-14 17:38:31,Andrew,857,Burke
27,2016-02-22 03:37:09,Angela,3644,Hall
36,2017-04-01 04:04:00,Leah,5395,Franco
20,2015-10-24 11:23:51,Abigail,7528,Ali
25,2016-01-13 17:36:30,Amanda,5069,Ball
20,2015-10-24 11:23:51,Abigail,3089,Ali
24,2016-03-09 10:48:14,Tammy,8653,Davis
27,2015-12-16 15:20:05,Anne,5494,Allen
27,2015-12-16 15:20:05,Anne,5494,Allen
29,2016-02-26 03:45:09,Darryl,91,Baker
27,2015-12-16 15:20:05,Anne,5494,Allen
21,2015-11-08 16:14:16,Amy,9270,Brown
20,2015-10-21 21:26:45,Adam,4,Acosta
